﻿<?xml version="1.0" encoding="utf-8"?>
<protocols>
	<pro id="0x00F7" name="创建游戏消耗折扣">
		<server isDebug="1">
			<byte>games</byte>
			<loop>
				<ubyte>gameId</ubyte>
				<byte>configs</byte>
				<loop>
					<byte>modeId</byte>
					<uint>oriMoneyType</uint>
					<uint>oriCost</uint>
					<uint>curMoneyType</uint>
					<uint>curCost</uint>
					<byte>roundNum</byte>
					<uint>startTime</uint>
					<uint>endTime</uint>
				</loop>
			</loop>
		</server>
	</pro>
	<pro id="0x0F01" name="用户信息包">		
		<server isDebug="1">
			<uint>playerId</uint>
			<byte>level</byte>
			<ushort>gameid</ushort>
			<uint>money</uint>
			<uint>duihuan</uint>
			<uint>exp</uint>
			<uint>exp_next</uint>
			<uint>daibi</uint>
			<uint>cansaiquan</uint>
			<uint>count</uint>
			<uint>godCard</uint>
			<byte>honorNum</byte>
			<loop>
				<uint>honorId</uint>
				<uint>honorTime</uint>
			</loop>
			<str>adress</str>
            <double>lon</double>
            <double>lat</double>
            <double>altitude</double>
		</server>
	</pro>
	
	
	<pro id="0x0F08" name="用户组局习惯信息">
        <client isDebug="1">
            <byte>handle</byte>  <!-- 操作类型（0:设置 1：读取） -->
            <lstr>config</lstr>     <!-- 配置内容 （获取时 发送 0）-->
        </client>
		<server isDebug="1">
            <lstr>config</lstr>     <!-- 配置内容 -->
		</server>
	</pro>
	
	<pro id="0x0F15" name="红包广场列表">	
		<client isDebug="1"/>
		<server isDebug="1">
			<ushort>list</ushort>
			<loop>
				<uint>id</uint>
				<lstr>msg</lstr>
				<str>sendPlayerName</str>
			</loop>
		</server>
	</pro>
	<pro id="0x0F16" name="红包通知列表">	
		<client isDebug="1"/>
		<server isDebug="1">
			<ushort>list</ushort>
			<loop>
				<uint>id</uint>
				<byte>statue</byte><!--红包状态（1、等待猜，2 等待发送 3 等待领取)-->
				<uint>sendPlayerPID</uint>
				<str>sendPlayerName</str>
				<uint>getPlayerPID</uint>
				<str>getPlayerName</str>
				<uint>money</uint>
			</loop>
		</server>
	</pro>
	<pro id="0x0F17" name="发红包">	
		<client isDebug="1">
			<uint>money</uint>
			<lstr>msg</lstr>
		</client>
		<server isDebug="1">
			<uint>id</uint>
			<byte>result</byte><!--0:失败，1：成功，2：钱不够，3：低于最低，4高于最高-->
		</server>
	</pro>
	<pro id="0x0F18" name="猜红包">	
		<client isDebug="1">
			<uint>id</uint>
			<uint>money</uint>
		</client>
		<server isDebug="1">
			<uint>id</uint>
			<uint>money</uint>	
			<byte>result</byte><!--0:失败，1：成功，2：红包不存在，3：红包状态错误，4金额猜错，5不能猜自己的红包，6不是自己的红包无权操作-->
		</server>
	</pro>
	<pro id="0x0F19" name="操作红包">	
		<client isDebug="1">
			<uint>id</uint>
			<byte>op</byte> <!--1:发送红包奖励，2：领取红包奖励，3：撤销红包-->
		</client>
		<server isDebug="1">
			<uint>id</uint>
			<byte>op</byte> <!--1:发送红包奖励，2：领取红包奖励，3：撤销红包-->
			<byte>result</byte><!--0:失败，1：成功，2：红包不存在，3：红包状态错误，4金额猜错，5不能猜自己的红包，6不是自己的红包无权操作-->
		</server>
	</pro>
	<pro id="0x0F25" name="搜索红包">	
		<client isDebug="1">
			<uint>id</uint>
		</client>
		<server isDebug="1">
			<uint>id</uint>
			<lstr>msg</lstr>
			<str>sendPlayerName</str>
		</server>
	</pro>
	<pro id="0x0F1A" name="公共配置签到列表">	
		<client isDebug="1"/>
		<server isDebug="1">
			<byte>list</byte>
			<loop>
				<byte>day</byte><!--周几1-7-->
				<byte>statue</byte><!--0:未签，1可签。2：已签，3：可补签，4：过期-->
				<byte>awards</byte>
				<loop>
					<uint>msId</uint>
					<uint>num</uint>
				</loop>
				<lstr>json_str</lstr>	
			</loop>
		</server>
	</pro>
	<pro id="0x0F1B" name="公共配置签到">	
		<client isDebug="1">
			<byte>type</byte>
			<byte>addData</byte>
		</client>
		<server isDebug="1">
			<byte>type</byte>
			<byte>addData</byte>
			<byte>result</byte><!--0：失败，1：成功-->
		</server>
	</pro>
	<pro id="0x0F1C" name="鱼人收益信息">	
		<client isDebug="1"/>
		<server isDebug="1">
			<uint>money_jr</uint>
			<uint>money_mr</uint>
			<uint>hyz</uint><!--活跃值-->
			<uint>hyz_total</uint><!--活跃值上限-->
			<byte>statue</byte><!--0 不可领 1 可领 2 已领-->
			<uint>hyz_add</uint><!--活跃签到加成-->
		</server>
	</pro>
	<pro id="0x0F1D" name="鱼人领取收益">	
		<client isDebug="1"/>
		<server isDebug="1">
			<uint>money</uint>
			<byte>result</byte><!--0 失败 1 成功-->
		</server>
	</pro>
	<pro id="0x0F23" name="配置月卡信息">
		<client isDebug="1"/>
		<server isDebug="1">
			<lstr>json_str</lstr>
		</server>
	</pro>
	<pro id="0x0F24" name="领取月卡奖励">
		<client isDebug="1"/>
		<server isDebug="1">
			<uint>money</uint>
			<byte>result</byte>
		</server>
	</pro>
	<pro id="0x0F26" name="活动信息列表">
		<client isDebug="1"/>
		<server isDebug="1">
			<byte>list</byte>
			<loop>
				<uint>id</uint>
				<byte>type</byte>
				<byte>sub_type</byte>	
				<byte>flag</byte><!--0:正常，1：新，2：热门-->
				<str>name</str>
				<lstr>des</lstr>
				<lstr>url</lstr>
				<str>startTime</str>
				<str>endTime</str>
				<str>total_awards</str>
				<lstr>json_awards</lstr>
				<lstr>json_games</lstr>
			</loop>
		</server>
	</pro>
	<pro id="0x0F27" name="活动排行数据">
		<client isDebug="1">
			<uint>id</uint>
		</client>
		<server isDebug="1">
			<uint>id</uint>
			<byte>list</byte>
			<loop>
				<uint>pid</uint>
				<byte>vipLevel</byte>
				<uint>score</uint>
				<str>name</str>
			</loop>
			<uint>myScore</uint>
		</server>
	</pro>
	<pro id="0x0F2A" name="大厅活跃玩家列表">
		<client isDebug="1"/>
		<server isDebug="1">
			<lstr>json_str</lstr>
		</server>
	</pro>
</protocols>
