{
    "unpack":  [
                   {
                       "url":  "qpq/ui.json",
                       "size":  60
                   },
                   {
                       "url":  "qpq/config/config.json",
                       "size":  1141
                   },
                   {
                       "url":  "qpq/config/protocols.xml",
                       "size":  6126
                   },
                   {
                       "url":  "qpq/hall/img_hall.jpg",
                       "size":  101721
                   },
                   {
                       "url":  "qpq/hall/img_LabaBg.png",
                       "size":  1346
                   },
                   {
                       "url":  "qpq/hall/img_subHall.jpg",
                       "size":  59160
                   },
                   {
                       "url":  "qpq/loading/loading.jpg",
                       "size":  243905
                   },
                   {
                       "url":  "qpq/window/img_Bg_Hall.jpg",
                       "size":  72896
                   },
                   {
                       "url":  "qpq/window/img_Com_Tips1.png",
                       "size":  16964
                   },
                   {
                       "url":  "qpq/window/img_JieSuan_Title.png",
                       "size":  78380
                   },
                   {
                       "url":  "qpq/window/img_Window_4_1.png",
                       "size":  1636
                   },
                   {
                       "url":  "qpq/window/img_Window_List_5.png",
                       "size":  32941
                   }
               ],
    "d3d":  [

            ],
    "fonts":  [
                  {
                      "url":  "qpq/bitmapFont/difen.fnt",
                      "size":  2442
                  },
                  {
                      "url":  "qpq/bitmapFont/entry.fnt",
                      "size":  2562
                  },
                  {
                      "url":  "qpq/bitmapFont/entry1.fnt",
                      "size":  2682
                  },
                  {
                      "url":  "qpq/bitmapFont/entryInfo.fnt",
                      "size":  5368
                  },
                  {
                      "url":  "qpq/bitmapFont/keyboard.fnt",
                      "size":  2333
                  },
                  {
                      "url":  "qpq/bitmapFont/keyboard4.fnt",
                      "size":  2334
                  },
                  {
                      "url":  "qpq/bitmapFont/mjEntry.fnt",
                      "size":  1595
                  },
                  {
                      "url":  "qpq/bitmapFont/title.fnt",
                      "size":  2358
                  },
                  {
                      "url":  "qpq/bitmapFont/vip.fnt",
                      "size":  1611
                  },
                  {
                      "url":  "qpq/bitmapFont/zongjiesuan_1.fnt",
                      "size":  1963
                  },
                  {
                      "url":  "qpq/bitmapFont/zongjiesuan_2.fnt",
                      "size":  1963
                  }
              ],
    "atlas":  [
                  {
                      "url":  "atlas/qpq/bitmapFont.atlas",
                      "size":  1501
                  },
                  {
                      "url":  "atlas/qpq/comp.atlas",
                      "size":  1130
                  },
                  {
                      "url":  "atlas/qpq/hall.atlas",
                      "size":  4459
                  },
                  {
                      "url":  "atlas/qpq/window.atlas",
                      "size":  13355
                  }
              ]
}
